trans_x	trans_y	trans_z	rot_x	rot_y	rot_z	dvars_std	dvars_nstd	dvars_vstd	framewise_displacement	aqi	aor
0.0	-0.0	0.0	-0.0	0.0	-0.0	n/a	n/a	n/a	n/a	0.0408239	0.01025
0.029	0.2053	0.2341	-0.0004206243497306334	0.0013718287920675431	0.0002303834612632515	1.73813558	94.00018311	1.39940026	0.5695418301530715	0.0552645	0.02284
0.0387	-0.3177	0.0949	0.000296705972839036	0.0009721483933608416	0.0006859143960337716	2.24957299	121.65925598	1.69985698	0.7505270828023446	0.0618329	0.01994
0.0304	-0.4285	0.0382	0.00034033920413889426	0.0008709192967451704	0.0008133234314293575	1.18051481	63.84347534	1.06665466	0.18941356816555577	0.0671434	0.02993
0.0431	-0.1373	0.0215	-0.001350884841043611	0.0010716321607245184	0.001064650843716541	1.41941893	76.76365662	1.20502572	0.42776321607245177	0.0417461	0.00514
0.0778	-0.0036	0.0011	-0.0025516713664157096	0.0027558748888990466	0.0009180431865490173	1.31800699	71.27919006	1.14913468	0.3403818455357075	0.0327448	0.00279
0.1371	0.1484	0.0301	-0.001780235837034216	0.002993239667170275	0.001054178868204575	1.33637595	72.2726059	1.12736169	0.297546799465414	0.0303397	0.00172
0.1713	0.0173	-0.0657	-0.0018483036778619948	0.002841396022246768	0.0019530234329816546	1.20327199	65.07420349	1.05641558	0.3170378025264183	0.02688	0.00107
0.1383	0.2185	-0.0539	-0.0017174039839624202	0.002712241657599188	0.0014905111812031574	1.20943642	65.40758514	1.06219958	0.28212831551628254	0.0241522	0.00154
0.1488	-0.0208	-0.1062	-0.0010838494654884787	0.002834414705238791	0.0017994344588061536	1.32702637	71.76696777	1.11849308	0.35533254218582694	0.0274491	0.00094
0.1551	0.0177	-0.1091	-0.0022008601867648495	0.0028902652413026098	0.0022235494670407763	0.96177256	52.01366425	0.91054265	0.12754881327874062	0.0230252	0.00044
0.1662	0.0853	-0.0891	-0.0024766222085799536	0.003014183618194207	0.0024225170017681294	0.95012271	51.38362885	0.90081498	0.1286323966717027	0.0213838	0.00039
0.1596	0.0292	-0.0838	-0.001820378409830086	0.0029478611066184224	0.0022689280275926286	0.90229571	48.79709244	0.88094244	0.11180776422505764	0.0245632	0.00024
0.1621	-0.0384	-0.1559	-0.00204378055408536	0.0030525808617380824	0.0022165681500327986	0.90765184	49.08675766	0.88380314	0.16122408884673817	0.023627	0.00017
0.1656	0.0673	-0.1356	-0.001574286985298885	0.0031049407392979124	0.0023230332344044524	0.94738883	51.23577499	0.90832073	0.16091592653589792	0.0207842	0.00014
0.1645	0.0351	-0.1626	-0.0010105456369047167	0.003089232776029963	0.0021380283336930534	0.87997216	47.58981323	0.88167393	0.09852271061867585	0.0217961	0.00018
0.165	0.0551	-0.0769	0.0002478367537831948	0.0035395277230445004	0.001658062789394613	0.97839284	52.9125061	0.93733645	0.21563214410004444	0.0290266	0.00114
0.1587	-0.0989	-0.1515	-5.93411945678072e-05	0.0028396506929947744	0.0017767451785302276	1.1154542	60.32492828	1.00427256	0.2911868683768171	0.0300842	0.00083
0.1485	0.0446	-0.1054	0.0006597344572538566	0.0029618237406343773	0.0013212142437597075	1.04213059	56.35951233	0.95457861	0.26463898171158934	0.0283253	0.00088
0.1383	-0.0939	-0.1362	0.0008063421144213803	0.002457423586808016	0.0010803588069844899	0.97367233	52.65721512	0.91754343	0.2240931623884551	0.0330792	0.00147
0.1316	-0.0147	-0.1475	0.0009564404300928925	0.0022060961745208325	0.001043706892692609	0.84424466	45.65763092	0.85107719	0.11910388211252884	0.029937	0.00098
0.1452	0.0484	-0.1791	0.0003316125578789226	0.002371902453460294	0.0014433872913993105	0.86255515	46.64788055	0.87087799	0.16781572749300666	0.0243477	0.00039
0.1534	0.105	-0.1546	0.0004537856055185257	0.0025394540616517493	0.0015254177662430443	0.84588277	45.74622345	0.86324059	0.10788775653373964	0.0241913	0.00039
0.1511	0.0531	-0.1934	0.0011466813185602744	0.003984586682303054	0.0011763519158441782	0.8923105	48.25708389	0.89128729	0.217354709204596	0.0262451	0.00045
0.1473	0.0325	-0.1622	0.0009913470151327792	0.0037088246604879502	0.0011414453308042916	0.87523079	47.3333931	0.87373695	0.0789001455141243	0.0271353	0.00093
0.1978	0.1448	0.0062	0.001609193570338772	0.0062186081248557954	0.0014451326206513049	1.42145956	76.87401581	1.20312109	0.5027658654710425	0.0397041	0.00836
0.2074	-0.3041	-0.1126	0.0011100294042683937	0.0051173053668473745	0.0020001473227855013	1.98717034	107.46824646	1.52737172	0.6850740813106496	0.0476459	0.0084
0.2554	-0.1408	-0.1731	0.002078687139125246	0.005045746867515607	0.003134611336581816	1.18204546	63.92625046	1.02613499	0.3805340123992467	0.0400289	0.00471
0.324	-0.0157	-0.2576	0.0013473941825396225	0.006155776271784001	0.004504694799397364	1.15473032	62.44902039	1.03869066	0.43877029118347827	0.0347911	0.00194
0.3187	0.0638	-0.2677	0.0008779006137531476	0.006525786073206799	0.004181808887778414	0.95859772	51.84196472	0.92977193	0.1530194640914112	0.0309779	0.00141
0.2879	0.2269	-0.1167	-0.0006440264939859076	0.008618435846348	0.0033143802495372316	1.50947249	81.6338501	1.26556535	0.5690002759560718	0.0306117	0.00416
0.2413	0.2131	0.0277	-0.008255407361933179	0.008351400470792867	0.001408480706359424	1.92854476	104.29771423	1.49192329	0.6940157893340105	0.0236965	0.00215
0.2754	0.0235	-0.1069	-0.0061121430404841425	0.007216936456996553	0.002623229865747477	1.37242186	74.22200775	1.16086862	0.5829238747316702	0.020659	0.0004
0.2803	0.1638	-0.1387	-0.005544911033585984	0.007145377957664784	0.002804744107954888	1.01598752	54.94566727	0.92645833	0.21801523742186693	0.0156155	0.00014
0.2802	0.2021	-0.1694	-0.0054873151682701725	0.007403686686959946	0.0028728119487826664	0.88627505	47.93067932	0.86880463	0.0882986217719376	0.0146036	6e-05
0.2739	0.2178	-0.2062	-0.005054473513775579	0.007187265859712648	0.002717477645355171	0.82359666	44.54096603	0.83534452	0.09902983925846937	0.0139819	2e-05
0.2755	0.2403	-0.2196	-0.0051277773423593406	0.00715584993317675	0.002806489437206882	0.79467028	42.97659683	0.81887366	0.0471865773485686	0.0128052	5e-05
0.2722	0.2446	-0.2447	-0.004982915014443811	0.007009242276009227	0.0027401669256310974	0.77297974	41.80355072	0.82022698	0.05058962483294188	0.0125118	8e-05
0.2522	0.2307	-0.213	-0.004745550236172582	0.00633729051399141	0.002501056818107874	0.83417428	45.11301422	0.85316177	0.12302133239061352	0.0126966	9e-05
0.2584	0.2593	-0.1626	-0.0034086280291449255	0.006949901081441421	0.0023701571242082994	0.95790118	51.80429459	0.91753072	0.1892216234188621	0.0169305	0.00011
0.2523	0.0239	-0.2348	-0.002909463863074547	0.006717772290926174	0.00210835773640915	1.25912786	68.09494781	1.0653809	0.3633546172192386	0.0194067	9e-05
0.2477	0.087	-0.277	-0.002581341963699613	0.006712536303170191	0.0019233528356977512	0.88930398	48.09448624	0.86170022	0.1358181393921158	0.0161405	3e-05
0.2415	0.1233	-0.3152	-0.0025603980126756814	0.006445500927615059	0.0019181168479417679	0.80511272	43.54133606	0.82754678	0.09536076571675232	0.0146543	6e-05
0.2334	0.1545	-0.3182	-0.002490584842595908	0.006169738905799955	0.0018325957145940458	0.79597515	43.04716492	0.82491101	0.06385481626212997	0.0140257	1e-05
0.2256	0.2529	-0.2674	-0.0026127578902355115	0.006187192198319898	0.0016982053621904826	0.9471752	51.22422409	0.90191215	0.17070083462815544	0.0135861	3e-05
0.2159	0.4638	-0.0225	-0.0020804324683772408	0.006878342582109652	0.0013980087308474581	1.63076639	88.19355011	1.31587125	0.5416836218495524	0.033338	0.0117
0.1734	-0.1459	-0.106	-0.002583087292951608	0.005712462641777441	0.0004415683007545654	2.46734309	133.43649292	1.78749403	0.8669487597499734	0.0297285	0.00105
0.1758	-0.2587	-0.1395	-0.0022235494670407763	0.005562364326105927	0.0006387905062299246	1.15479338	62.45243073	1.04405909	0.1840429173528852	0.0376315	0.00275
0.1767	-0.0087	-0.1781	-0.002258456052080662	0.005778785153353225	0.0007225663103256524	1.23088181	66.56737518	1.04581487	0.30625516081914556	0.0198717	0.00017
0.1843	0.1198	-0.2056	-0.0021886428820008896	0.006085963101704227	0.0008918632477691023	0.93091184	50.3446846	0.87975887	0.19091440279371125	0.0154205	5e-05
0.1893	0.2276	-0.2201	-0.0026092672317315226	0.0063721970990312975	0.0010890854532444615	0.88817215	48.0332756	0.86444266	0.17250402762665307	0.0119404	2e-05
0.1761	0.3304	-0.2584	-0.003502875808752619	0.006185446869067903	0.0008255407361933179	0.87867755	47.51979828	0.8730099	0.22149517620178172	0.0100314	5e-05
0.1723	0.3614	-0.2943	-0.0036145768808802567	0.006192428186075881	0.0005323254218582705	0.82739896	44.74659729	0.84519566	0.09129488517353308	0.010968	0.00027
0.172	0.3401	-0.3107	-0.0037227872945039047	0.0064332836228510985	0.000598647933434055	0.85631114	46.31019974	0.86127929	0.05876941809873248	0.0114195	0.00016
0.1656	0.2912	-0.3072	-0.0038327430373795474	0.006161012259539982	0.00041713369122664475	0.83953053	45.40268707	0.84794161	0.08698706741970846	0.0108871	7e-05
0.1608	0.2195	-0.3062	-0.0031433379828417875	0.006101671064972177	0.00018675022996339323	0.84327978	45.60544968	0.84881698	0.12645648551844077	0.0131404	0.00011
0.1543	0.1708	-0.336	-0.0036896260387160127	0.006176720222807932	0.00010995574287564276	0.81583577	44.12125015	0.84012444	0.11990658503988648	0.0123164	7e-05
0.1551	0.1733	-0.3381	-0.004092797095926702	0.00618370153981591	6.981317007977319e-05	0.76704186	41.48242569	0.8205321	0.02791474735072681	0.0113576	2e-05
0.1436	0.1897	-0.2823	-0.00422893277758226	0.006276203990171609	-0.00032463124087094524	0.8685329	46.9711647	0.8745514	0.1148541271480988	0.0100954	2e-05
0.139	0.133	-0.2647	-0.004291764630654057	0.006117379028240125	-0.00047822021504644627	1.02699757	55.54109955	0.94683662	0.09766228945893907	0.0119808	5e-05
0.1434	0.2295	-0.209	-0.004017747938090946	0.006424556976591126	-0.0006422811647339132	1.12415004	60.79520416	1.0040668	0.1938627795300789	0.0103397	0.00011
0.1346	0.0518	-0.2768	-0.0046582837735728655	0.006087708430956222	-0.000582939970166106	1.13115931	61.17427444	0.99213619	0.30613627878423155	0.01278	8e-05
0.1306	0.2528	-0.2525	-0.004968952380427856	0.006023131248632432	-0.0008325220532012951	1.08622074	58.74394989	0.95379811	0.2605413936106985	0.00755334	3e-05
0.1353	0.2858	-0.294	-0.005054473513775579	0.006314601233715484	-0.0006387905062299246	0.82478046	44.6049881	0.83775166	0.10773613327010723	0.00748944	4e-05
0.1324	0.3199	-0.3282	-0.005452408583230286	0.006092944418712205	-0.0005550147021341969	0.81058413	43.8372345	0.83349379	0.10636838442768572	0.00749773	2e-05
0.1269	0.3743	-0.1937	-0.004982915014443811	0.0063006385996995295	-0.0009197885158010115	1.05551839	57.08353424	0.95174909	0.24649807817203068	0.0101458	6e-05
0.1214	0.2773	-0.2419	-0.005057964172279567	0.006199409503083859	-0.0009756390518648303	0.99311435	53.70866013	0.92427773	0.16230643952576235	0.00788826	6e-05
0.1232	0.2587	-0.3109	-0.005393067388662479	0.005937610115284709	-0.0009023352232810684	0.88252157	47.72768784	0.86116836	0.12291032163829116	0.00755382	2e-05
0.1156	0.2796	-0.3531	-0.005803219762881146	0.005820673055401089	-0.0011047934165124105	0.83412951	45.1105957	0.83902463	0.10717738136668153	0.00786453	3e-05
0.1239	0.296	-0.4112	-0.006742206900454094	0.0058538343111889804	-0.0007173303225696694	0.85074437	46.00914383	0.85555698	0.15078057436517894	0.00834715	1e-05
0.1313	0.3552	-0.2767	-0.006562437987498679	0.006448991586119048	-0.0008866272600131194	1.22252834	66.11560822	1.03850962	0.24831115626644665	0.0112346	0.00018
0.1652	0.2821	-0.1514	-0.004981169685191816	0.00641408500107916	-0.0005131268000863328	1.41187418	76.35562897	1.16099565	0.3317837673636769	0.0132291	0.00029
0.1722	0.0377	-0.2517	-0.004609414554517024	0.0059411007737886976	1.7453292519943294e-06	1.33756173	72.33673096	1.09041245	0.41968057436517897	0.0131081	6e-05
0.17	0.0848	-0.2865	-0.005101597403579425	0.006178465552059926	-0.00012740903539558605	0.87718719	47.43919754	0.85512947	0.12703509959906045	0.0116062	3e-05
0.1661	0.2638	-0.3083	-0.006906267850141561	0.006009168614616477	-0.00013264502315156904	1.10248411	59.62348938	0.97799397	0.3036601685880784	0.00678676	4e-05
0.1687	0.3087	-0.3573	-0.0067701321684860045	0.006122615015996109	-0.00023561944901923448	0.86017501	46.51916122	0.85589191	0.11412782544514263	0.00737172	2e-05
0.1609	0.3668	-0.3534	-0.0070354222147891434	0.006031857894892403	-0.0004677482395344803	0.85598767	46.29270554	0.84113031	0.09920879789610457	0.00761205	1e-05
0.1543	0.4052	-0.3507	-0.00688532389911763	0.0057421332390613445	-0.000635299847725936	0.80467707	43.51777649	0.82864896	0.07806872898470137	0.00763428	3e-05
0.1485	0.3736	-0.3517	-0.007126179335892847	0.005612978874413764	-0.0005881759579220891	0.78332072	42.3628006	0.81871467	0.05925668456133226	0.00692683	4e-05
0.1464	0.3887	-0.3555	-0.007199483164476609	0.0057089719832734516	-0.0006754424205218055	0.79414326	42.94809723	0.82184417	0.03382817000215825	0.00721139	0.0
0.1528	0.3712	-0.3643	-0.007812093731926618	0.0057752944948492365	-0.0005113814708343385	0.82317358	44.51808548	0.835857	0.0748497014356631	0.00760472	2e-05
0.1539	0.3565	-0.3512	-0.007316420224360229	0.0061959188445798695	-0.0005864306286700947	0.82586884	44.66384888	0.83392391	0.07846735075663892	0.00799149	2e-05
0.1557	0.28	-0.3551	-0.007585200929167356	0.005948082090796675	-0.0004991641660703782	0.84480852	45.68812561	0.84858449	0.11239419605950188	0.00673211	2e-05
0.1619	0.2924	-0.356	-0.0079412480965742	0.0058800142499688965	-0.0002495820830351891	0.82210052	44.46005249	0.84103093	0.05318485456349048	0.00693965	2e-05
0.1712	0.3325	-0.2802	-0.007016223593017205	0.0067038096569102205	-0.0002705260340591211	0.94022423	50.84830856	0.89523176	0.21368819307611253	0.00649714	1e-05
0.1638	0.1806	-0.3643	-0.00782082037818659	0.006243042734383717	-0.0003193952531149623	1.03516304	55.98270035	0.93342045	0.30911164633758653	0.00847518	3e-05
0.1716	0.315	-0.3625	-0.008311257897996997	0.006323327879975456	-0.00014137166941154068	0.95080531	51.42054367	0.89404195	0.1814373124552784	0.0077256	6e-05
0.1902	0.4048	-0.2895	-0.008121017009529614	0.0072082098107365804	0.00016406094968746698	0.96298039	52.07898331	0.90722347	0.25042777191637566	0.00826859	3e-05
0.181	0.2487	-0.362	-0.00780860307342263	0.006627015169822469	-5.585053606381854e-05	1.0120157	54.73086548	0.92734886	0.2934760031386191	0.0080846	5e-05
0.1948	0.3584	-0.4149	-0.008194320838113377	0.006984807666481306	0.00024260076602721178	0.91318828	49.38617325	0.87624256	0.22849807817203077	0.0100603	4e-05
0.207	0.4135	-0.4638	-0.00865159710213589	0.0070965087386089445	0.0004991641660703782	0.84199238	45.53582764	0.84960875	0.1574770368096659	0.0129194	8e-05
0.2205	0.5245	-0.3365	-0.008157668923821495	0.007859217621730466	0.0004537856055185257	1.11591506	60.34985352	0.98899978	0.31690078109938846	0.0163863	0.00039
0.2171	0.2275	-0.4442	-0.008862781941627205	0.007443829259755815	0.0004974188368183839	1.44185269	77.97689819	1.15108091	0.4663067305540108	0.0119334	3e-05
0.2143	0.4101	-0.4244	-0.009712757287348444	0.007503170454323623	0.0002478367537831948	1.07986355	58.40014648	0.95457918	0.26314493116621174	0.0128663	8e-05
0.2206	0.3225	-0.4717	-0.00968657734856853	0.007466518540031742	0.0004799655442984406	0.91170698	49.30606461	0.88086143	0.1559480321793521	0.012833	5e-05
0.2169	0.3512	-0.5005	-0.010044369845227366	0.0076881753550350216	0.00035430183815484887	0.7945984	42.97270966	0.82780119	0.09645565089028531	0.014513	6e-05
0.1511	0.4094	-0.4808	-0.011658799403322121	0.008838347332099284	-0.0011187560505283654	1.00318694	54.2533989	0.93390421	0.3555829711921115	0.0175557	0.00018
0.1605	0.5028	-0.4849	-0.01183158699926956	0.007435102613495844	-0.0006859143960337716	0.88063705	47.62577057	0.87355726	0.2073436984522736	0.0171767	5e-05
0.1699	0.5772	-0.4509	-0.011742575207417848	0.00766723140401109	-0.0005689773361501514	0.91615236	49.54647446	0.88641577	0.13970388211252882	0.0202884	0.00014
0.1729	0.6695	-0.3538	-0.010531316706533785	0.008367108434060815	-0.0007347836150896127	1.16399288	62.94995117	1.02450796	0.29624709049366243	0.0252344	0.00122
0.1799	0.1139	-0.4451	-0.009471901850573226	0.007934266779566223	-0.00047647488579445195	2.11598468	114.43466187	1.55209857	0.7414282619875153	0.0150779	0.00021
0.1867	0.2395	-0.4751	-0.009238027730805985	0.007892378877518359	-0.00027576202181510406	0.95825666	51.82352066	0.89457013	0.18622374428972271	0.0131257	5e-05
0.1746	0.3479	-0.4788	-0.009752899860144312	0.00731292956585624	-0.0004328416544945937	0.87439245	47.28805542	0.85669893	0.1867700536839968	0.0124967	3e-05
0.1734	0.417	-0.5074	-0.010112437686055147	0.007398450699203962	-0.0003892084231947355	0.81303704	43.96989059	0.83294906	0.12333460952792072	0.0155031	5e-05
0.1682	0.4912	-0.5184	-0.011067132786896043	0.007066838141325039	-0.00047822021504644627	0.82559609	44.64909744	0.84111785	0.1591659725285766	0.0176132	7e-05
0.1777	0.5379	-0.5513	-0.01161865683052625	0.007192501847468633	-0.00020769418098732522	0.79751635	43.13051605	0.8321138	0.1364856891916461	0.0213179	0.00017
0.1761	0.568	-0.5498	-0.011677998025094059	0.0070581114950650685	-0.000158824961931484	0.78592569	42.50368118	0.8238495	0.04533003830136069	0.0221387	0.00018
0.1734	0.5663	-0.5689	-0.011908381486357311	0.007028440897781166	-0.0001675516081914556	0.79652834	43.07708359	0.83041271	0.03693903524035626	0.0235439	0.00021
0.1731	0.5276	-0.5857	-0.011588986233242348	0.007400196028455957	-0.00029321531433504735	0.81492686	44.07209396	0.83740394	0.09664070449666738	0.0237002	0.00027
0.174	0.573	-0.4273	-0.010196213490150874	0.0075729836244033955	-0.0004886921905584122	1.08458841	58.65567017	0.98094765	0.2927518607631139	0.0191012	0.00014
0.1644	0.2773	-0.4883	-0.009520771069629067	0.006984807666481306	-0.0006003932626860494	1.37044215	74.11494446	1.1235968	0.43506597252857654	0.0129336	7e-05
0.163	0.2623	-0.5223	-0.009777334469672236	0.006726498937186146	-0.0005166174585903216	0.8742671	47.2812767	0.85825833	0.08033239667170275	0.0137255	7e-05
0.1582	0.3481	-0.526	-0.010252064026214692	0.006627015169822469	-0.000582939970166106	0.867226	46.90048599	0.85757651	0.126326791774096	0.0147609	7e-05
0.1633	0.4721	-0.4166	-0.009911724822075797	0.0074176493209759005	-0.0007696902001294993	1.05827737	57.23274612	0.96283087	0.30438617926278605	0.0133274	6e-05
0.1598	0.281	-0.531	-0.00995710338262765	0.006927211801165493	-0.000661479786505851	1.1588155	62.66995239	1.01021969	0.3412013246992954	0.0148404	9e-05
0.165	0.4211	-0.5659	-0.010177014868378935	0.007175048554948689	-0.0004537856055185257	1.01740277	55.02220154	0.92551062	0.21397212102609017	0.0187796	0.00056
0.1693	0.5868	-0.5826	-0.010587167242597603	0.006538003377970758	-0.00033335788713091696	1.01903713	55.11058807	0.96386345	0.24508126347921047	0.0233673	0.00015
0.1748	0.5645	-0.614	-0.01115090859099177	0.006286675965683575	-0.000148352986419518	0.77354538	41.83414078	0.82874034	0.10920368306963744	0.024766	0.00018
0.1737	0.5937	-0.6049	-0.010904817166460572	0.007204719152232592	-0.0003717551306747922	0.88726658	47.98430252	0.87849267	0.10877683776677452	0.0267131	0.00023
0.162	0.6305	-0.5465	-0.01024333737995472	0.008203047484373348	-0.0009180431865490173	0.97845423	52.91582489	0.91270246	0.2172048087260416	0.027025	0.00068
0.166	0.2604	-0.5976	-0.009499827118605135	0.007593927575427327	-0.0006632251157578452	1.52960038	82.72238159	1.21561358	0.505572412054339	0.0189484	0.00018
0.1731	0.3729	-0.6082	-0.00995710338262765	0.007562511648891429	-0.0004206243497306334	0.88252795	47.72803116	0.86325292	0.16676464782928116	0.0197075	0.00015
0.18	0.4151	-0.6326	-0.010438814256178083	0.007716100623066931	-8.203047484373349e-05	0.80366987	43.46330643	0.82877695	0.12219468613064184	0.0224189	0.00028
0.1842	0.4573	-0.6419	-0.010896090520200599	0.007724827269326902	5.93411945678072e-05	0.78906596	42.67351151	0.82358641	0.08606872898470126	0.0242878	0.00026
0.1859	0.5044	-0.6631	-0.01140049067402696	0.0076393061359791795	0.000158824961931484	0.7689569	41.58599091	0.81760958	0.10447025272688802	0.0267493	0.00047
0.1832	0.5643	-0.6771	-0.01196423202242113	0.007192501847468633	0.00017802358370342162	0.78949493	42.69670868	0.82571375	0.1280872129338327	0.0296394	0.00062
0.1658	0.6925	-0.4983	-0.01081580537460886	0.0076270888312152205	-0.000486946861306418	1.23363209	66.71611023	1.06130344	0.4367992038284348	0.0296451	0.00147
0.1595	0.4926	-0.5133	-0.010417870305154151	0.007393214711447979	-0.0007190756518216638	1.27562881	68.98733521	1.08230124	0.2643968989868598	0.0199988	0.00048
0.1618	0.2172	-0.5492	-0.010313150550034492	0.0071959925059726215	-0.0005550147021341969	1.37732315	74.48707581	1.13812699	0.33690014551412417	0.0170497	0.00021
0.1649	0.3905	-0.5815	-0.010695377656221252	0.0070197142515211934	-0.0003787364476827695	1.01188123	54.72359467	0.91799015	0.2454391807544808	0.0185613	9e-05
0.179	0.4485	-0.6176	-0.011030480872604163	0.007267551005304389	1.2217304763960308e-05	0.82229364	44.47049713	0.83990236	0.15689468613064184	0.0218106	0.00012
0.191	0.52	-0.6466	-0.011428415942058871	0.007539822368615503	0.00039793506945470715	0.81681639	44.17428207	0.83852565	0.16529620987282842	0.0265774	0.00039
0.1957	0.5731	-0.663	-0.011899654840097338	0.007539822368615503	0.000577703982410123	0.80155081	43.34870529	0.8333954	0.10675039054969428	0.0296882	0.00066
0.1817	0.6996	-0.4825	-0.010318386537790476	0.008028514559173916	-7.155849933176751e-05	1.28668261	69.58513641	1.08967876	0.4569611487303583	0.0299996	0.00176
0.164	0.4956	-0.4227	-0.009964084699635627	0.007702137989050977	-0.0004310963252425994	1.37818837	74.53386688	1.1402433	0.333510811709431	0.0158748	0.00025
0.1709	0.2119	-0.4399	-0.00987681823703591	0.007508406442079606	-6.632251157578452e-05	1.38720071	75.02126312	1.12898781	0.34008859116189505	0.0132911	7e-05
0.1889	0.3713	-0.4966	-0.010740756216773102	0.007541567697867498	0.00048171087355043494	1.05002582	56.78649139	0.94120321	0.3063566310325652	0.0155253	7e-05
0.1975	0.4227	-0.561	-0.011334168162451176	0.007775441817634738	0.000705113017805709	0.87290639	47.20768738	0.86283267	0.17693441048502948	0.0197744	0.00011
0.1982	0.4715	-0.5808	-0.011210249785559578	0.007517133088339578	0.000705113017805709	0.80790329	43.69225311	0.82774685	0.08841135530933776	0.0220329	0.00014
0.198	0.518	-0.5953	-0.011252137687607444	0.00738099740668402	0.0006579891280018621	0.79933864	43.22906876	0.82237047	0.07245737367536365	0.0231023	0.00021
0.1921	0.5588	-0.6123	-0.011534881026430523	0.00713141532364883	0.0005393067388662478	0.77251238	41.77827454	0.82130011	0.09625039054969405	0.0251893	0.00029
0.1898	0.5718	-0.6202	-0.011821115023757595	0.0071087260433729035	0.0005340707511102648	0.78894168	42.66679001	0.8281193	0.03890796326794912	0.0267602	0.00051
0.1903	0.5818	-0.6473	-0.0120340451925009	0.007122688677388859	0.0005148721293383271	0.80549449	43.5619812	0.84012003	0.04990457122655997	0.0291767	0.00074
0.1834	0.6338	-0.4929	-0.011594222220998332	0.00724835238353245	7.504915783575618e-05	1.08539927	58.69952393	0.98645936	0.2635654824574365	0.0259444	0.00055
0.1846	0.4072	-0.5282	-0.011072368774652026	0.0074385932719998335	0.00011693705988362007	1.19137895	64.43101501	1.0343716	0.30079911184307767	0.0173424	7e-05
0.1818	0.3556	-0.5519	-0.011257373675363426	0.007189011188964644	0.000148352986419518	0.84647608	45.77830887	0.84989482	0.1014001455141243	0.0177429	0.00011
0.1842	0.4371	-0.5699	-0.011735593890409872	0.007098254067860938	0.00020943951023931956	0.84614503	45.76040649	0.85082705	0.13340319299849762	0.0205818	0.00018
0.1838	0.5222	-0.5357	-0.011904890827853322	0.007487462491055673	9.42477796076938e-05	0.88064218	47.62604904	0.87090227	0.15338485456349055	0.0209614	0.00025
0.1786	0.3456	-0.5584	-0.011637855452298188	0.007010987605261222	0.00013962634015954637	1.03881156	56.18001556	0.95022733	0.24394444109507196	0.0183217	0.00014
0.1801	0.4841	-0.5858	-0.012344713799355894	0.007007496946757234	0.00022165681500327985	0.9371751	50.68340683	0.88661304	0.20701897402027136	0.0221609	0.00015
0.1651	0.5752	-0.5436	-0.01251226540754735	0.006628760499074463	-0.0001937315469713706	0.91547561	49.50987625	0.88586738	0.19638382089244397	0.0235131	0.00015
0.1643	0.6548	-0.4865	-0.012020082558484945	0.007234389749516495	-0.0004468042885105483	0.95982492	51.90833282	0.9186197	0.20504424205218064	0.0242743	0.00033
0.1609	0.4064	-0.5303	-0.011723376585645911	0.006935938447425466	-0.000466002910282486	1.1828022	63.96717453	1.01989374	0.3263177948351001	0.016888	5e-05
0.1606	0.5016	-0.5576	-0.012252211349000194	0.006675884388878311	-0.0003577924966588376	0.88536984	47.88172531	0.85748472	0.16765496177625439	0.0209233	0.0001
0.1479	0.6917	-0.3769	-0.012611749174911025	0.007630579489719209	-0.00102799892942466	1.34230995	72.59352112	1.11175646	0.4827219679758775	0.0265393	0.00097
0.1862	0.3961	-0.3897	-0.012103858362580674	0.0060301125656404084	8.901179185171081e-05	1.45730233	78.81243134	1.17286743	0.507968422884276	0.0151992	0.00039
0.1751	0.3063	-0.4295	-0.012166690215652472	0.0057368972513053606	0.0001239183768915974	0.9772402	52.85017014	0.92728309	0.16024768762233663	0.0141598	0.00011
0.1751	0.2774	-0.4374	-0.011869984242813434	0.005674065398233566	0.00019198621771937622	0.86488706	46.77399445	0.8646274	0.05818028333693064	0.0142624	9e-05
0.1698	0.3572	-0.431	-0.011931070766633235	0.005632177496185701	0.00015533430342749534	0.89557374	48.43356323	0.86798529	0.09848131700797731	0.0142429	3e-05
0.1705	0.4183	-0.4279	-0.011798425743481668	0.005616469532917752	0.00019198621771937622	0.86416686	46.73504639	0.84776937	0.07415024503556979	0.0147526	5e-05
0.1694	0.4818	-0.4338	-0.011999138607461015	0.005625196179177724	0.00013962634015954637	0.83381015	45.09332275	0.84082619	0.08358996938995744	0.0157633	7e-05
0.1682	0.5122	-0.4394	-0.012056734472776828	0.005593780252641826	0.0001675516081914556	0.79658371	43.08007812	0.82978811	0.04304685299418094	0.0174968	0.00011
0.1716	0.5354	-0.446	-0.012154472910888512	0.005574581630869889	0.00022165681500327985	0.78662533	42.54151917	0.82483812	0.0417521133347723	0.018883	0.00012
0.1728	0.5096	-0.4484	-0.011957250705413154	0.0055204764240580646	0.00024260076602721178	0.7811538	42.2456131	0.82166765	0.043013568165555634	0.0180543	0.00013
0.1694	0.4814	-0.4498	-0.012018337229232954	0.005511749777798093	0.00017976891295541595	0.77809346	42.08010483	0.81527427	0.0396322511575784	0.0173942	0.00013
0.1675	0.4408	-0.45	-0.011946778729901185	0.005462880558742251	0.00017453292519943296	0.78152859	42.26588058	0.81820675	0.048983185307179725	0.0169842	0.00022
0.1594	0.536	-0.3353	-0.012239994044236233	0.0059358647860327145	-6.981317007977319e-05	1.05387509	56.99466705	0.95966567	0.268527281845236	0.0195779	0.00049
0.1585	0.3214	-0.3703	-0.012140510276872556	0.005918411493512772	-0.00021467549799530252	1.21163964	65.5267334	1.04093477	0.26358996938995755	0.0152535	0.00036
0.1525	0.1752	-0.3443	-0.011856021608797479	0.005688028032249521	-0.0004328416544945937	1.21382213	65.64476776	1.04735717	0.21485191429188097	0.0149139	0.00049
0.1403	0.1909	-0.4337	-0.011374310735247044	0.004961971063419879	-0.0004677482395344803	1.01352596	54.81254196	0.93140943	0.17943372137099817	0.0146597	0.00032
0.1453	0.332	-0.4023	-0.011684979342102034	0.004731587602156627	-2.96705972839036e-05	0.98447073	53.24120331	0.91435467	0.2264564855184409	0.012493	0.00016
0.1619	0.379	-0.4105	-0.011683234012850043	0.005045746867515607	0.00034033920413889426	0.85819644	46.41215897	0.85668839	0.1060957198016884	0.013048	0.00013
0.1802	0.4964	-0.3397	-0.008232718081657252	0.005970771371072602	0.00035430183815484887	1.19762528	64.76882172	1.03043885	0.425975153438287	0.0131628	0.00016
0.1688	0.3506	-0.4015	-0.009115854683166382	0.005344198169606637	0.00039269908169872416	1.06760716	57.73731232	0.9512028	0.2964053523259485	0.0091958	3e-05
0.169	0.5233	-0.3679	-0.010524335389525807	0.004902629868852071	0.0006265732014659643	1.07508457	58.14169693	0.95254847	0.3106961563440615	0.0134797	7e-05
0.1724	0.4567	-0.416	-0.011241665712095476	0.004871213942316174	0.0007627088831215222	0.95099127	51.43059921	0.9011748	0.1623440965380562	0.013177	2e-05
0.173	0.4668	-0.3936	-0.011367329418239067	0.004778711491960474	0.0009389871375729493	0.81746382	44.20929718	0.83218945	0.05282222054753589	0.0128124	5e-05
0.1736	0.4409	-0.3565	-0.010838494654884786	0.004944517770899936	0.0009826203688728075	0.9105832	49.24528885	0.8807801	0.10051371367968008	0.0128165	8e-05
0.1622	0.5641	0.0441	-0.00869523033343575	0.004937536453891958	0.0007958701389094143	1.91466153	103.54689026	1.42411982	0.6520497934210203	0.0309796	0.00653
0.1525	0.0324	-0.0547	-0.008972737684502848	0.004356341812977846	0.0007016223593017205	2.17898321	117.84168243	1.57385412	0.6878474885794453	0.0213659	0.00091
0.1584	-0.232	-0.0957	-0.009620254836992746	0.004084070449666731	0.0008185594191853405	1.51556742	81.96347046	1.2466304	0.36313627878423166	0.0382	0.00458
0.146	0.0671	-0.1559	-0.00946492053356525	0.004342379178961892	0.0005253441048502931	1.41386724	76.46341705	1.14521716	0.4070429173528853	0.0163854	0.00012
0.1298	0.2484	-0.2016	-0.008990190977022791	0.004637339822548933	0.0002530727415391778	1.1027621	59.63852692	0.97593968	0.29529807817203074	0.00822777	5e-05
0.1272	0.4153	-0.1894	-0.009489355143093169	0.0038327430373795474	0.0004328416544945937	0.97498602	52.72826004	0.90774208	0.25587649320975897	0.0087797	3e-05
0.1222	0.5305	-0.1838	-0.009770353152664255	0.0036425021489121657	0.00039269908169872416	0.86824864	46.95579147	0.86349175	0.15136907354171683	0.0122036	0.0001
0.1357	0.5817	-0.2155	-0.009976302004399588	0.0038117990863556156	0.0006632251157578452	0.81102484	43.86106873	0.85392623	0.12868859116189518	0.0151224	0.00017
0.1549	0.5468	-0.237	-0.00908967474438647	0.004131194339470578	0.0010088003076527223	0.85092205	46.01875305	0.87244704	0.15317988525114787	0.0148503	0.00019
0.2562	0.4544	-0.2639	-0.006733480254194123	0.00540179403492245	0.0024609142453120045	1.16069317	62.77149963	1.0264419	0.474545406165175	0.0179724	0.0006
0.2184	0.39	-0.2437	-0.008241444727917224	0.005408775351930427	0.0020734511513692635	1.00224316	54.20235443	0.9479781	0.21752044423369088	0.0124446	6e-05
0.2168	0.2365	-0.2496	-0.009016370915802705	0.0050125856117277144	0.0020734511513692635	0.96242446	52.04891968	0.90851911	0.21955579640440973	0.0113614	7e-05
0.2227	0.1698	-0.3144	-0.008632398480363955	0.004988151002199794	0.002178170906488923	0.83351725	45.07748413	0.84980343	0.16305634000431657	0.0126903	7e-05
0.2222	0.1763	-0.3264	-0.008766788832767516	0.004900884539600078	0.0022148228207808044	0.76647556	41.45179749	0.82204162	0.031915436464757946	0.0125525	9e-05
0.195	0.2347	-0.3154	-0.008920377806943018	0.005016076270231703	0.001748819910498318	0.83706921	45.26957703	0.85122999	0.13333918075448067	0.0112091	6e-05
0.1712	0.3323	-0.3103	-0.009740682555380353	0.005169665244407204	0.0013037609512397642	0.86704308	46.89059448	0.86614032	0.19744763409356952	0.00970185	6e-05
0.1778	0.4345	-0.3264	-0.009971066016643606	0.005010840282475721	0.0015393804002589986	0.85824561	46.41481781	0.85953515	0.1561413936106985	0.0103813	5e-05
0.1755	0.6035	-0.2043	-0.009555677654668955	0.005429719302954359	0.001377064779823526	1.1710242	63.33021164	1.02623172	0.3432291501444382	0.016169	0.00019
0.1843	0.2849	-0.2631	-0.008789478113043444	0.004965461721923867	0.001593485607070823	1.40232027	75.83894348	1.12896705	0.45854389749516494	0.00789207	2e-05
0.2134	0.4111	-0.2434	-0.006853907972581732	0.005976007358828583	0.001970476725501598	1.17169821	63.36666489	1.00918811	0.3411553447898602	0.0118404	0.00018
0.2151	0.3184	-0.2511	-0.00476474885794452	0.006054547175168328	0.0018675022996339327	1.22238302	66.10774994	1.05445235	0.2156336678422311	0.0105253	6e-05
0.2071	0.175	-0.3189	-0.005756095873077299	0.005281366316534841	0.0018884462506578647	1.07333195	58.04690933	0.96577214	0.30847359123950996	0.0101311	8e-05
0.2112	0.272	-0.3344	-0.006934193118173471	0.0051557026103912496	0.0021642082724729686	0.88610935	47.9217186	0.86334573	0.1955761486527433	0.00904322	3e-05
0.2154	0.308	-0.3742	-0.0069865529957333005	0.005263913024014897	0.002267182698340634	0.83963984	45.40859985	0.83950708	0.09317723585255713	0.0102615	4e-05
0.1857	0.4595	-0.2754	-0.008758062186507546	0.0069254664719134995	0.0012845623294678264	1.19243801	64.48828888	1.03205754	0.5007841503772829	0.0115481	0.00012
0.2017	0.2283	-0.3092	-0.009452703228801288	0.005777039824101231	0.0019408061282176943	1.23938775	67.0273819	1.0382727	0.405965574442794	0.010256	2e-05
0.2146	0.3075	-0.3258	-0.009295623596121799	0.005503023131538122	0.0024294983187761066	0.8699078	47.04552078	0.85148718	0.1546894257900506	0.0101533	2e-05
0.2063	0.3785	-0.3521	-0.009316567547145731	0.005188863866179142	0.002333505209916419	0.88318068	47.76333237	0.86444111	0.12715481626213004	0.0101272	5e-05
0.2118	0.3972	-0.3517	-0.009780825128176223	0.0049235738198760036	0.002633701841259443	0.85428756	46.2007637	0.8419211	0.07608721293383269	0.011342	0.00014
0.2376	0.4549	-0.2447	-0.00891688714843903	0.006455972903127025	0.002686061718819273	1.19679308	64.72381592	1.02474298	0.31293484702740226	0.0156649	0.00076
0.2598	0.4478	-0.1425	-0.009627236154000721	0.0077597338543667896	0.002981022362406315	1.35963655	73.53056335	1.15019716	0.24695353001942483	0.0185913	0.00034
0.3331	0.2427	-0.2726	-0.009121090670922365	0.006611307206554521	0.0042324234360862495	1.38164628	74.72087097	1.1423883	0.553798660228528	0.0181639	0.00064
0.3538	0.29	-0.2787	-0.007878416243502403	0.00649786080517489	0.00481710873550435	0.99177134	53.63602829	0.93984429	0.17114030641088462	0.0181864	0.00024
0.3279	0.2166	-0.3049	-0.00408756110817072	0.006799802765769907	0.0039723693775390945	1.32425296	71.61698151	1.12790169	0.37237682269459776	0.0193304	0.00024
0.2831	0.278	-0.2311	-0.006017895260876448	0.0070197142515211934	0.0028518679977587343	1.2292161	66.47728729	1.07502896	0.3435373509118688	0.0125614	4e-05
0.2565	0.1223	-0.2913	-0.006834709350809794	0.0058974675424888386	0.0025272367568877894	1.10047102	59.51461792	0.98129145	0.3556846019918323	0.0121087	4e-05
0.2558	0.2904	-0.3151	-0.007079055446089001	0.0056042522281537915	0.0028710666195306722	1.01174402	54.71617508	0.91988724	0.23666956361285676	0.00996673	2e-05
0.2339	0.3667	-0.2916	-0.006990043654237291	0.005160938598147233	0.002309070600388498	0.9118458	49.31357193	0.88524546	0.1764160720500222	0.00917423	2e-05
0.2388	0.2552	-0.3196	-0.006824237375297828	0.004975933697435834	0.002432988977280095	0.89760238	48.54327393	0.8653135	0.16813647782712293	0.00880873	1e-05
0.2437	0.3253	-0.3408	-0.006803293424273897	0.0048904125640881115	0.0026546457922833754	0.82389182	44.55693054	0.83052627	0.11260609496874668	0.00940186	1e-05
0.2352	0.3537	-0.3592	-0.006824237375297828	0.004721115626644662	0.0026616271092913526	0.80692595	43.63939667	0.82866587	0.06516111027376797	0.0105017	2e-05
0.2296	0.3449	-0.3561	-0.006782349473249965	0.0044540802510895285	0.0027157323161031764	0.79698986	43.10204315	0.82049824	0.03565142422074101	0.0103412	3e-05
0.2161	0.3916	-0.3133	-0.006805038753525891	0.004255112716362175	0.0023474678439323734	0.87495935	47.31871414	0.8624953	0.13249606435870415	0.0103166	0.0001
0.2402	0.398	-0.3607	-0.0054436819369703135	0.005101597403579425	0.0027942721324429216	1.01343131	54.80742264	0.93789472	0.21063228961416883	0.0139605	0.00039
0.2446	0.1781	-0.4062	-0.005763077190085277	0.005037020221255636	0.0029024825460665696	1.15416777	62.41859436	0.9977872	0.29440914245312005	0.0136872	8e-05
0.2466	0.2802	-0.4175	-0.006819001387541846	0.005057964172279567	0.003153809958353753	0.89219409	48.25078583	0.86664534	0.18180977803838416	0.0121614	6e-05
0.2467	0.3096	-0.4326	-0.006799802765769907	0.00486597795456019	0.0031712632508736965	0.78999043	42.72350693	0.81858842	0.05603190660056291	0.0131668	2e-05
0.233	0.3663	-0.3946	-0.00701447826376521	0.004581489286485115	0.0027715828521669953	0.8820889	47.70428848	0.87331994	0.15334222823885393	0.0120341	9e-05
0.2156	0.4794	-0.261	-0.005876523591464907	0.005153957281139256	0.0022479840765686964	1.25126612	67.66977692	1.07550129	0.375801072127637	0.013663	0.00021
0.227	0.0867	-0.3343	-0.006522295414702809	0.004687954370856769	0.002513274122871834	1.69631064	91.73825073	1.30177318	0.5462532389911763	0.0137802	0.0001
0.2186	0.2658	-0.3087	-0.006295402611943547	0.004337143191205909	0.0025272367568877894	1.0435195	56.4346199	0.94259775	0.24268333082130392	0.0100704	5e-05
0.2337	0.4061	-0.289	-0.005808455750637128	0.006276203990171609	0.002333505209916419	1.12243569	60.70249176	1.00271821	0.3060869603621746	0.0119981	4e-05
0.2373	0.1985	-0.325	-0.005579817618625871	0.005811946409141117	0.0023387411976724015	1.15568936	62.50088501	1.00465184	0.2821065850398866	0.0103136	2e-05
0.2095	0.281	-0.3549	-0.005956808737056647	0.004598942579005058	0.0019408061282176943	0.87684757	47.42082977	0.86264908	0.2395965009010771	0.00904602	1e-05
0.2067	0.3597	-0.348	-0.0054157566689384045	0.004792674125976429	0.0017610372152622785	0.93314576	50.46549606	0.89071119	0.13412762640225143	0.0099948	2e-05
0.2257	0.5004	-0.2794	-0.002946115777366428	0.006618288523562498	0.0021135937241651332	1.34297001	72.62921906	1.11826855	0.4606905899030449	0.0209832	0.00106
0.2512	0.1816	-0.4137	-0.005120796025351363	0.006731734924942128	0.0024225170017681294	1.56826079	84.81317902	1.22522843	0.6084524963483781	0.0150779	0.00016
0.2423	0.1603	-0.3785	-0.0051731559029111925	0.006447246256867054	0.0022549653935766737	0.95147139	51.45656586	0.91216779	0.09062000769131795	0.0138435	0.00022
0.2304	0.1584	-0.4065	-0.006346017160251381	0.006503096792930871	0.0018500490071139892	0.93834436	50.74664307	0.91009872	0.12348140899333448	0.0128083	0.0001
0.241	0.129	-0.4018	-0.006356489135763348	0.006073745796940267	0.0022060961745208325	0.91513294	49.49134445	0.89462072	0.08449350694547073	0.0143313	0.00014
0.2782	0.3218	-0.3869	-0.003864158963915446	0.005811946409141117	0.003269001688985379	1.32830632	71.83618927	1.08619989	0.43575175370557984	0.0189843	0.00125
0.2875	0.2833	-0.3456	-0.004153883619746505	0.00507541746479951	0.003897320219703338	1.17293346	63.43346786	1.01919185	0.1718286065445312	0.0172769	0.00025
0.2865	0.3698	-0.3856	-0.0034016467121369483	0.004939281783143952	0.0038885935734433662	0.94464445	51.08735657	0.91477588	0.1723549617762543	0.0177844	0.00025
0.3071	0.3342	-0.3276	-0.0027454029133870805	0.0045640359939651725	0.004180063558526419	0.84643686	45.7761879	0.8628932	0.18034797865058505	0.0180247	0.00017
0.2685	0.3426	-0.3173	-0.0038798669271833948	0.004900884539600078	0.0029949849964222694	0.88926268	48.09225464	0.88313978	0.1901195560767684	0.0135939	4e-05
0.2721	0.3298	-0.3489	-0.004756022211684548	0.005656612105713622	0.0028902652413026098	0.85300446	46.13137054	0.8617001	0.13483013028671784	0.0136577	2e-05
0.2596	0.4602	-0.1992	-0.008122762338781609	0.006291911953439557	0.0022410027595607188	1.30758131	70.71536255	1.09096934	0.5251651228282443	0.0143842	9e-05
0.2928	0.1365	-0.2345	-0.006501351463678877	0.006524040743954804	0.0031049407392979124	1.55632925	84.16790771	1.22064244	0.5280738822677585	0.0162332	0.00034
0.334	-0.0937	0.006	-0.0011833332328521555	0.003555235686312449	0.006843435997069766	2.2873702	123.70336151	1.72546997	1.1131659273120464	0.0501849	0.01256
0.2892	-0.0369	-0.0172	-0.00217293491873294	0.002495820830351891	0.0051783918906671755	1.59344721	86.17528534	1.35504578	0.3105030324121967	0.0383334	0.00512
0.2771	0.0039	-0.0424	-0.0042324234360862495	0.0036599554414321086	0.004195771521794368	1.22077489	66.02078247	1.07119563	0.28841217486531673	0.0275731	0.0007
0.2974	0.2368	0.0119	-0.004003785304074992	0.0057648225193372695	0.004125958351714595	1.29892588	70.24726868	1.1031861	0.4276659189998096	0.0254421	0.00092
0.296	-0.0232	-0.0715	-0.005181882549171164	0.0056810467152415434	0.003993313328563026	1.35419834	73.23645782	1.11176394	0.4145259036171733	0.0269998	0.00095
0.2758	0.1312	-0.0885	-0.004904375198104066	0.005028293574995664	0.0036163222101322505	1.01169932	54.71375656	0.91800109	0.2569625804871876	0.0186942	0.0001
0.2463	0.2738	-0.1268	-0.006000441968356505	0.004139920985730549	0.0033021629447732717	1.00295329	54.2407608	0.92805921	0.32532993124382653	0.0128325	6e-05
0.2289	0.3518	-0.1466	-0.006667157742618338	0.0035674529910764093	0.003258529713473413	0.85678035	46.3355751	0.86079505	0.1793408500107916	0.0118023	3e-05
0.2252	0.4113	-0.2383	-0.007684684696531034	0.002892010570554604	0.003164281933865719	0.92560762	50.057827	0.89608584	0.24426085770210973	0.011672	5e-05
0.2307	0.4075	-0.2785	-0.00803025988842591	0.003038618227722128	0.0031956978604016175	0.77609324	41.97193146	0.83340623	0.07567993877991498	0.0113176	6e-05
0.2438	0.3547	-0.2433	-0.007189011188964644	0.0027052603405912107	0.0034068826998929313	0.90947652	49.18544006	0.88192098	0.17038957130417487	0.0126187	0.00011
0.2731	0.4165	-0.2669	-0.006485643500410928	0.0053616514621265795	0.00301941960595019	1.14689219	62.02512741	1.02192201	0.3020610952015913	0.0152436	0.00017
0.2661	0.0124	-0.2433	-0.005564109655357922	0.002935643801854462	0.003309144261781249	1.77942896	96.23337555	1.3691153	0.6165633080578091	0.0192006	0.00037
0.2595	0.1542	-0.3317	-0.005209807817203074	0.002960078411382383	0.002885029253546627	1.07632315	58.2086792	0.98062839	0.2769425727958696	0.0132784	0.00014
0.3214	0.2056	-0.1567	-0.002038544566329377	0.0067491882174620715	0.0029146998508305304	1.52174377	82.29749298	1.24858304	0.6378021827118645	0.0238665	0.0008
0.2963	-0.0315	-0.1122	-0.002357939819444339	0.006445500927615059	0.0032131511529215613	1.46191704	79.06199646	1.22547856	0.35277669225265024	0.0275488	0.00126
0.2528	0.1011	-0.1453	-0.002087413785385218	0.005564109655357922	0.0026773350725593018	0.97767669	52.87377548	0.91586792	0.29358666933392585	0.0192111	0.0001
0.2605	0.1632	-0.1818	-0.0019826940302655584	0.005555383009097951	0.002825688058978819	0.82325375	44.52242279	0.83444329	0.11938996938995736	0.0174071	2e-05
0.2754	0.2229	-0.2054	-0.00222529479629277	0.005522221753310059	0.0030072023011862297	0.81594068	44.12692261	0.84464939	0.12106381320112568	0.0162659	6e-05
0.2711	0.304	-0.2595	-0.003454006589696778	0.005103342732831419	0.0029740410453983376	0.96334809	52.09886932	0.91821296	0.22353760348352697	0.0141221	0.00032
0.2489	0.1733	-0.442	0.0023509585024363614	0.005939355444536703	0.0021519909677090087	2.33348584	126.19734955	1.87227324	0.7085513940763876	0.0459195	0.02653
0.3153	0.0091	-1.2606	0.017608626823370787	0.006054547175168328	0.0033021629447732717	3.66425753	198.16687012	2.95135742	1.8753516014315157	0.112744	0.11206
0.2951	0.2521	-0.7524	0.009810495725460127	0.005810201079889122	0.0028571039855147177	2.59373021	140.27163696	2.15493112	1.195776807622421	0.0663074	0.04048
0.2766	0.0076	-0.7032	0.00752236907609556	0.005370378108386551	0.002384119758224254	1.48060358	80.07258606	1.29348479	0.47224669240788	0.0531994	0.02029
0.277	-0.0734	-0.6747	0.007094763409356949	0.00534943415736262	0.0024678955623199817	0.91801125	49.64700699	0.90358926	0.13651627109291356	0.0518388	0.01907
0.2816	-0.0394	-0.6781	0.0072640603468004	0.00538957673015849	0.0026110125609835172	0.80051494	43.29268265	0.83222071	0.05962782544514294	0.0518415	0.01851
0.2844	-0.0024	-0.6972	0.006660176425610361	0.005544911033585984	0.0027995081201989047	0.80221492	43.38462067	0.83302211	0.10628568919164602	0.0501032	0.01677
0.2839	0.0653	-0.6314	0.006028367236388414	0.005827654372409066	0.002665117767795341	0.97468263	52.71185303	0.93682017	0.18644714402242968	0.0465534	0.01304
0.255	0.1727	-0.4807	0.006349507818755371	0.0059027035302448225	0.001689478715930511	1.26696408	68.51873779	1.1248452	0.355591439603377	0.0447704	0.00913
0.2479	-0.1539	-0.5594	0.006508332780686855	0.005108578720587403	0.001467821900927231	1.50612795	81.45297241	1.24492849	0.47113032932960913	0.0488585	0.01429
0.2491	0.0279	-0.5853	0.0058416170064250214	0.005033529562751646	0.0017208946424664088	1.05631506	57.12662125	0.95634364	0.25864188368183844	0.0425847	0.00886
0.2529	0.1368	-0.577	0.0052831116457868355	0.005131268000863328	0.0017278759594743865	0.94936067	51.34241486	0.91659034	0.1541612557878924	0.039902	0.00718
0.2543	0.1708	-0.5393	0.005347688828110626	0.005609488215909776	0.0016947147036864942	0.91346461	49.40111923	0.88892753	0.1018979326579065	0.0395542	0.00629
0.2495	0.0688	-0.5802	0.00519235452468313	0.005269149011770881	0.0016249015336067207	0.92613584	50.08639145	0.88325491	0.17597433388230832	0.0397466	0.00693
0.2485	0.1362	-0.607	0.005096361415823441	0.0051452306348792835	0.0016318828506146981	0.81380093	44.01120377	0.8380495	0.10654464013796308	0.0390838	0.00722
0.2583	0.2267	-0.5145	0.0056810467152415434	0.0062063908200918365	0.0016196655458507376	1.02620399	55.49818039	0.96204159	0.2757031394697308	0.041907	0.00745
0.2638	-0.0672	-0.5134	0.004595451920501069	0.005925392810520749	0.0016528268016386303	1.40981889	76.24447632	1.16947421	0.37048770300497275	0.0401424	0.00651
0.25	0.0217	-0.5336	0.004408701690537677	0.005605997557405786	0.0013596114873035826	0.88377523	47.79548645	0.87276123	0.1628680398706701	0.0371748	0.0049
0.2555	0.0317	-0.5577	0.004810127418496373	0.005581562947877866	0.0014800392056911916	0.81412274	44.02860641	0.83239313	0.0669144027937113	0.0390097	0.00645
0.2456	0.0672	-0.5674	0.005091125428067459	0.005279620987282846	0.001377064779823526	0.7960425	43.05080795	0.82477118	0.0893957198016886	0.0389277	0.00664
0.2206	0.1636	-0.4796	0.0037262779530078936	0.004546582701445229	0.001064650843716541	1.06587923	57.64385986	0.98075124	0.32971498485020845	0.0337758	0.00403
0.1718	0.2299	-0.3824	0.0035395277230445004	0.0035831609543443585	-1.7453292519943296e-05	1.26042867	68.16529846	1.10486293	0.3239138056650374	0.0317065	0.00266
0.1886	-0.0926	-0.4356	0.0038746309394274117	0.003782128489071712	0.00020769418098732522	1.47183895	79.59858704	1.20928432	0.4304609112308767	0.0365007	0.00424
0.1926	0.0521	-0.4448	0.004223696789826277	0.0033318335420571745	0.0004939281783143952	0.98044109	53.02327728	0.90905776	0.2121797397370236	0.0337859	0.00311
0.1965	0.0942	-0.5637	0.00411199571769864	0.0029321531433504737	0.001022762941668677	1.0775857	58.27695847	1.00301963	0.21691081170943097	0.0361792	0.00674
0.198	0.1792	-0.3137	0.004640830481052923	0.0036634460999360975	2.96705972839036e-05	1.44542825	78.1702652	1.22721366	0.449161003216234	0.038842	0.00587
0.2105	-0.1274	-0.3981	0.0038693949516714287	0.003902556207459321	0.0004136430327226561	1.54139578	83.36029053	1.26544873	0.47322590361717354	0.0402634	0.00611
0.2256	0.2265	-0.2181	0.0017016960206944712	0.004707152992628707	0.0005951572749300663	1.76844954	95.63959503	1.4249817	0.7066904979176877	0.0309875	0.00318
0.1872	0.0182	-0.1291	-0.0007295476273336296	0.004209734155810323	-4.71238898038469e-05	1.54995501	83.82318115	1.27844532	0.5142471824790199	0.0228585	0.00024
0.1671	-0.1076	-0.1142	0.001001818990644745	0.0038030724400956446	-0.00018500490071139895	1.08973742	58.93413544	1.0028226	0.27459546723003025	0.0337362	0.00229
0.1723	-0.0636	-0.1261	0.0027471482426390747	0.0033911747366249826	-0.00017802358370342162	0.98034948	53.01832199	0.93348748	0.16931041362364843	0.0375517	0.00395
0.1914	0.1119	-0.1607	0.003274237676741362	0.004300491276914028	-0.0002600540585471551	1.18923724	64.31519318	1.05568695	0.30512182246175334	0.0348945	0.00276
0.1916	-0.0955	-0.175	0.00301941960595019	0.004082325120414737	-0.0002303834612632515	1.17599595	63.59908676	1.0357658	0.24703274122871832	0.0380874	0.0037
0.1674	-0.0464	-0.1468	0.0038484510006474965	0.003516838442768574	-0.0006370451769779302	0.93791646	50.7234993	0.90715701	0.19155898940290736	0.0391002	0.00482
0.1706	0.0565	-0.1361	0.003387684078120994	0.0038275070496235643	-0.000726056968829641	0.97050536	52.48594284	0.92162572	0.1598223660616602	0.0361136	0.00336
0.183	0.0266	-0.1478	0.0029513517651224112	0.0039339721339952186	-0.0003822271061867582	0.93280047	50.44682312	0.91291314	0.09833136300065597	0.0349247	0.00256
0.1694	0.0127	-0.1405	0.002282890661608583	0.003824016391119576	-0.000905825881785057	0.86860865	46.97526169	0.87052981	0.09990078109938846	0.0325829	0.00201
0.1578	0.0607	-0.1852	0.002769837522915001	0.00352731041828054	-0.0011274826967883368	0.80181372	43.36292267	0.84032291	0.15456548245743668	0.0315349	0.0016
0.1604	0.0597	-0.1396	0.0039235001584832525	0.003958406743523139	-0.0009197885158010115	0.82289171	44.50284195	0.86152465	0.13882265708990876	0.0375981	0.00392
0.1537	0.0999	-0.1654	0.004394739056521722	0.004026474584350918	-0.0011274826967883368	0.85428923	46.20085144	0.87623074	0.11005004599267866	0.0383426	0.00436
0.1495	-0.232	-0.1522	0.004900884539600078	0.003790855135331684	-0.0013456488532876281	1.48588097	80.35799408	1.23684952	0.3972965544298441	0.0516435	0.01355
0.1573	-0.1757	-0.1492	0.0044261549830576195	0.003639011490408177	-0.0010524335389525807	0.87659347	47.40708923	0.87597211	0.11308942579005064	0.0477918	0.0107
0.1672	-0.0881	-0.0909	0.002251474735072685	0.0024923301718479027	-0.0004328416544945937	1.11507082	60.3041954	1.03490753	0.3528476725501598	0.0404471	0.00571
0.1881	0.0321	-0.1818	0.0035831609543443585	0.003686135380212024	-0.0003717551306747922	1.17947769	63.78738403	1.06726805	0.36132889757277986	0.0359624	0.00286
0.1655	0.0108	-0.1569	0.0038187804033635933	0.003593632929856324	-0.0007661995416255106	0.83817071	45.32914734	0.87361714	0.1049283155162826	0.037026	0.00355
0.1782	0.2361	-0.0862	0.003686135380212024	0.004968952380427856	-0.0011082840750163993	1.41979456	76.78397369	1.1993364	0.4012024503556995	0.0407232	0.0103
0.1449	-0.0076	0.0097	0.0017680185322702558	0.004207988826558329	-0.0010838494654884787	1.5727613	85.05657196	1.27918552	0.5080757505669609	0.0391015	0.00415
0.1458	-0.1156	-0.0087	0.0019198621771937623	0.003712315318991939	-0.0016912240451825054	0.99761993	53.95232773	0.94477537	0.19004458660919615	0.0419973	0.00562
0.154	-0.079	-0.0097	0.0021607176139689798	0.004117231705454623	-0.001759291886010284	0.8599906	46.50918961	0.8736373	0.081491983203284	0.0411909	0.00601
0.0993	-0.0329	-0.0025	0.0015289084247470327	0.0038449603421435077	-0.0029740410453983376	0.93303704	50.45961761	0.91296312	0.2139414855960558	0.0394631	0.00494
0.0864	0.0353	-0.078	0.0016929693744344998	0.0026563911215353696	-0.003239331091701475	0.914415	49.45251846	0.90974338	0.23749601082993713	0.0342245	0.00279
0.0669	0.1336	-0.0809	0.002698279023583233	0.0029845130209103033	-0.0033597588100890844	0.94382638	51.04311371	0.91627155	0.1933929633455638	0.0361081	0.00345
0.0588	0.0174	-0.0917	0.004035201230610889	0.0030473448739821	-0.0035046211380046137	0.97996354	52.99745178	0.94151822	0.21233081940074913	0.0434728	0.007
0.0744	-0.0815	-0.0796	0.0034871678454846703	0.0031695179216217023	-0.0031119220563058892	0.91488945	49.47817612	0.90135517	0.1797452757232273	0.0452887	0.00814
0.0987	-0.0136	-0.0477	0.002665117767795341	0.003127630019573839	-0.002513274122871834	0.89479327	48.39135361	0.88913049	0.1972292956585624	0.0414975	0.00628
0.1366	-0.2793	-0.595	0.014179054843201934	0.006393141050055229	-0.0029618237406343773	3.0246408	163.57572937	2.4250181	1.612299886182526	0.094121	0.08007
0.131	-0.049	-0.5749	0.012587314565383105	0.0036041049053682902	-0.0020629791758572974	2.52180767	136.38198853	2.1012972	0.5199810493641424	0.0742641	0.04777
0.0323	0.2021	-0.1897	0.004277801996638102	0.004544837372193235	-0.003892084231947355	2.24193716	121.24629974	1.84943932	1.2889675045830002	0.0491439	0.0161
0.0416	-0.0825	-0.1828	0.002061233846605303	0.004084070449666731	-0.0035796702958403696	1.74734128	94.49803925	1.40616176	0.4502874504333144	0.0400678	0.00477
0.0351	-0.2945	-0.1823	0.0017837264955382047	0.002909463863074547	-0.003792600464583678	1.34354711	72.66043091	1.1691002	0.3022522053201296	0.0498219	0.01273
0.022	-0.0785	-0.1872	0.0016388641676226754	0.002209586833024821	-0.003954916085019151	1.11528718	60.31589127	0.9991441	0.2843527489200364	0.0380129	0.00448
0.0079	0.0001	-0.2	0.0011257373675363424	0.0016877333866785165	-0.004283037984394084	0.84820789	45.87196732	0.86033478	0.17365510729037856	0.0335357	0.00259
-0.0132	0.0532	-0.1966	0.0009128071987930344	0.0014573499254152652	-0.004928809807631986	0.81428802	44.03754425	0.85045916	0.13205427266222303	0.0332358	0.00232
-0.0301	0.1315	-0.1976	0.0008970992355250854	0.00102799892942466	-0.0057752944948492365	0.82748747	44.75138474	0.85969615	0.16077718232379024	0.0339544	0.00305
-0.0411	0.3067	-0.0734	0.00024260076602721178	0.0018081611050661253	-0.006440264939859076	1.15216923	62.31051636	1.04034619	0.4153815545074589	0.0378844	0.00434
-0.0409	0.0497	-0.1378	0.0004939281783143952	0.0009930923443847736	-0.005991715322096533	1.28337145	69.40606689	1.10752192	0.39734728953655374	0.0373122	0.00417
-0.0374	0.1283	-0.1437	6.45771823237902e-05	0.0006544984694978735	-0.005866051615952942	0.9382413	50.74106979	0.90871987	0.1326804288510548	0.0350887	0.00324
-0.0076	0.106	-0.1578	2.6179938779914945e-05	0.0006422811647339132	-0.005265658353266893	0.97733039	52.85504532	0.922826	0.09875039054969427	0.0345238	0.00303
-0.0052	0.0903	-0.1678	0.0004520402762665313	-0.00014137166941154068	-0.005208062487951079	0.84535474	45.71766663	0.87389837	0.09145545184739419	0.0339067	0.00287
-0.0143	0.1018	-0.1386	0.0004310963252425994	1.9198621771937625e-05	-0.005422737985946381	0.84273034	45.575737	0.86185637	0.06960948701013561	0.0341933	0.00294
-0.0341	0.2012	-0.1523	0.0008848819307611251	5.585053606381854e-05	-0.005794493116621174	1.01686025	54.9928627	0.94911837	0.17600963252425994	0.0368686	0.00378
-0.0636	-0.1256	-0.1402	0.0001972222054753592	0.00011693705988362007	-0.006126105674500097	1.57172501	85.00052643	1.28919719	0.4224179403492245	0.0450334	0.01176
-0.0558	-0.1427	-0.0857	-0.00011170107212763708	0.00028623399732707005	-0.005791002458117186	1.02620411	55.49819183	0.98352484	0.12006617157146789	0.0467858	0.01101
-0.0637	0.034	-0.0686	-0.0010245082709206715	0.00048171087355043494	-0.00597775268808058	1.0736481	58.06400681	0.97722903	0.26645171524898964	0.0375013	0.00416
-0.0477	0.3022	-0.014	-0.0006719517620178169	0.0014172073526193955	-0.00566010276421761	1.40440798	75.95185089	1.1766865	0.4190851455917392	0.0369606	0.00322
-0.0536	0.0454	-0.0791	-0.0010035643198967395	0.0013980087308474581	-0.006044075199656362	1.35221648	73.12928009	1.13797386	0.3645391807544807	0.0353995	0.00275
-0.0479	0.1211	-0.0778	-0.0018256143975860688	0.001593485607070823	-0.005932374127528725	0.942285	50.95975494	0.90177714	0.13916140130201657	0.0303767	0.00118
-0.0527	0.2297	-0.096	-0.0022741640153486112	0.0015446163880149814	-0.006052801845916334	0.90098447	48.72618103	0.87924203	0.16249232776029965	0.0274823	0.00063
-0.0561	0.2602	-0.0953	-0.002617993877991494	0.0014608405839192536	-0.006164502918043972	0.83391756	45.09913254	0.84209327	0.061565336943312426	0.0273888	0.00064
-0.0681	0.2461	-0.0769	-0.0034714598822167216	0.0008604473212332044	-0.006448991586119048	0.869721	47.03541946	0.86574823	0.1314173967493176	0.0289524	0.00074
-0.0568	0.2352	-0.0174	-0.0030630528372500485	0.001244419756671957	-0.006164502918043972	0.92846906	50.21257401	0.90047001	0.13554340742402507	0.0322549	0.00118
-0.0548	0.1351	-0.0765	-0.0026022859147235454	0.001265363707695889	-0.006330309196983434	0.98257989	53.13894653	0.93246889	0.1935758576244949	0.0308312	0.00118
-0.0615	0.0365	-0.077	-0.0035203291012725624	0.0008674286382411819	-0.006347762489503377	0.95673966	51.74147797	0.91049702	0.17247157742618333	0.032782	0.00198
-0.0449	0.0883	-0.0847	-0.003232349774693498	0.0006806784082777885	-0.00589397688398485	0.84114128	45.4897995	0.84992038	0.12252575810304922	0.0294293	0.00108
-0.0508	0.1174	-0.0811	-0.003607595563872279	0.0003385938748868999	-0.005876523591464907	0.82842851	44.80227661	0.84024012	0.07533918075448062	0.0288889	0.00099
-0.0573	0.1923	-0.0124	-0.003419100004656891	0.0005235987755982988	-0.006201154832335853	1.10417533	59.71495056	0.98727562	0.18500658503988668	0.0339527	0.00245
-0.0448	0.2594	0.1137	-0.002895501229058593	0.0020525072003453313	-0.006155776271784001	1.38042819	74.65499878	1.17862224	0.3105942880448592	0.0413321	0.00361
-0.0046	-0.0415	0.0628	-0.0035499996985564664	-0.00043458698374658803	-0.004838052686528281	1.63363147	88.34849548	1.31924769	0.6149658119422756	0.0410011	0.00513
0.035	0.116	0.0032	-0.004756022211684548	-4.18879020478639e-05	-0.003637266161156183	1.19168496	64.44756317	1.06244828	0.3966754060099452	0.0261405	0.00083
0.0202	0.241	-0.0008	-0.00607898178469625	0.0002513274122871834	-0.003766420525803763	0.99098271	53.59337997	0.9287068	0.2310664625997164	0.0217522	0.0002
0.0181	0.2625	-0.0333	-0.006373942428283292	0.00028623399732707005	-0.003872885610175417	0.86751306	46.91601181	0.86095094	0.07791661564992919	0.0200216	0.00015
0.0162	0.2837	-0.0416	-0.006557201999742696	0.000317649923862968	-0.0038693949516714287	0.82276946	44.49623108	0.83285755	0.04230830782496452	0.0188123	0.0001
0.0185	0.3074	-0.0498	-0.007049384848805097	0.0001291543646475804	-0.003626794185644217	0.78784162	42.60729599	0.82094059	0.08036395871525001	0.018281	7e-05
0.0182	0.318	-0.061	-0.0076113808679472705	-6.806784082777885e-05	-0.0036302848441482054	0.78961432	42.70316696	0.82119271	0.06023544415607605	0.0178764	9e-05
0.0174	0.3044	-0.07	-0.008148942277561523	-0.00018500490071139895	-0.003532546406036523	0.77965271	42.16443253	0.81773205	0.061011845380477776	0.0182015	6e-05
0.014	0.3059	-0.0558	-0.008885471221903132	-0.0003787364476827695	-0.003576179637336381	0.79501122	42.99503708	0.82560806	0.06779468613064185	0.0197852	0.00014
0.0216	0.3736	-0.0535	-0.0072692963345563815	-6.981317007977319e-05	-0.0035674529910764093	0.93720633	50.68509674	0.90635027	0.1742912405604859	0.0194601	9e-05
0.0207	0.0948	-0.1234	-0.007339109504636156	-0.000445058959258554	-0.003373721444105039	1.31692302	71.22057343	1.08971876	0.3815395253114963	0.0199478	0.00013
0.0174	0.1865	-0.1356	-0.00752236907609556	-0.000466002910282486	-0.0035290557475325343	0.86312646	46.6787796	0.85234284	0.12517689129554155	0.016962	5e-05
0.0188	0.244	-0.136	-0.007461282552275759	-0.000307177948351002	-0.0035622170033204267	0.82056773	44.37715912	0.83332263	0.07195363707695887	0.0162997	9e-05
0.0156	0.3202	-0.0945	-0.007628834160467214	-0.0001972222054753592	-0.003611086222376268	0.87482262	47.31132126	0.86206286	0.13721882850614697	0.0171077	4e-05
0.02	0.422	-0.1142	-0.007517133088339578	-5.585053606381854e-05	-0.003701843343479973	0.95900381	51.86392593	0.91536618	0.1430914931321441	0.0180503	0.00013
0.008	0.1685	-0.1549	-0.0074508105767637925	-0.000614355896702004	-0.00386590429316744	1.27535677	68.97262573	1.06793914	0.34564444109507186	0.0189719	0.00024
0.011	0.2966	-0.2059	-0.007920304145550268	-0.0007173303225696694	-0.0037437312455278365	0.95961964	51.89723206	0.90109244	0.21683205211468712	0.0158347	7e-05
0.0105	0.3413	-0.2166	-0.007698647330546988	-0.0007225663103256524	-0.003785619147575701	0.85016418	45.97776413	0.84374457	0.06933903524035637	0.01559	9e-05
0.0027	0.3572	-0.2198	-0.007571238295151402	-0.000778416846389471	-0.0041277036809665895	0.81889856	44.28688812	0.82633152	0.05316720524251469	0.0159361	6e-05
-0.0076	0.3562	-0.2013	-0.007641051465231174	-0.001192059879112127	-0.004241150082346221	0.80702639	43.6448288	0.82728075	0.059645130209102976	0.0172335	7e-05
0.0036	0.4019	-0.1985	-0.007546803685623481	-0.0009669124056048585	-0.004146902302738527	0.88654774	47.94542694	0.87816236	0.08038215163613274	0.0178371	0.00017
0.0065	0.4496	-0.1425	-0.005445427266222308	0.00016231562043547262	-0.004968952380427856	1.22156894	66.0637207	1.0602402	0.3092327261565417	0.0240626	0.00161
0.0055	0.0221	-0.2536	-0.0068643799480936985	-0.0007487462491055673	-0.004797910113732411	1.88268387	101.81750488	1.42312102	0.6646528409053937	0.0236857	0.00056
0.0275	0.3082	-0.2149	-0.00684518132632176	0.0008150687606813518	-0.004598942579005058	1.40675735	76.0789032	1.15285339	0.4358990583143106	0.0159721	0.00021
0.0069	0.067	-0.1942	-0.006585127267774605	0.00022165681500327985	-0.004480260189869444	1.29061306	69.79769897	1.08464699	0.331107419668042	0.0203825	0.00013
0.0105	0.2374	-0.202	-0.007246607054280456	7.155849933176751e-05	-0.004338888520457902	0.994757	53.7974968	0.91408878	0.22944748857944525	0.0153756	7e-05
0.0188	0.3624	-0.2585	-0.009042550854582622	-0.000291469985083053	-0.004092797095926702	0.98254633	53.13713074	0.92034587	0.3100531854624093	0.0153137	3e-05
0.0459	0.5655	-0.1711	-0.009871582249279927	0.001298524963483781	-0.0042987459476620336	1.20360482	65.09220123	1.05094548	0.4488487597499735	0.0202273	0.00032
0.046	0.3269	-0.2588	-0.009635962800260694	0.0007400196028455958	-0.0038606683054114572	1.2410202	67.11566925	1.05805729	0.3880101225953996	0.0136889	5e-05
0.0472	0.4237	-0.282	-0.009979792662903577	0.0005585053606381855	-0.003858922976159462	0.92419732	49.98155594	0.8836358	0.1475544717051144	0.0152537	0.00013
0.0533	0.4474	-0.2984	-0.010604620535117546	0.0004363323129985824	-0.003556981015564444	0.88414669	47.81557465	0.86667834	0.09864714402242952	0.0164838	0.0003
0.0655	0.4656	-0.2831	-0.011039207518864133	0.0006003932626860494	-0.0036163222101322505	0.8699882	47.04986954	0.85452868	0.07859945640009297	0.0175667	0.00018
0.047	0.4617	-0.2325	-0.011576768928478387	0.0006056292504420323	-0.00428129265514209	0.84450322	45.6716156	0.8562044	0.13338839211900388	0.0191779	0.00013
0.0201	0.3771	-0.2994	-0.011342894808711148	0.0017994344588061536	-0.004773475504204492	0.93343085	50.48091507	0.90747491	0.2743931088596881	0.0180583	9e-05
0.029	0.4347	-0.3089	-0.011979939985689077	0.0013840460968315032	-0.004394739056521722	0.84610498	45.75823975	0.85495388	0.14755849933176743	0.0183958	0.0001
0.0252	0.4581	-0.2758	-0.01285958592869422	0.0007557275661135446	-0.00426907535037813	0.8200984	44.35177612	0.84103649	0.14198140899333475	0.020127	0.00012
0.0227	0.5105	-0.2157	-0.011435397259066848	0.001572541656046891	-0.004560545335461182	1.05636215	57.12916565	0.96519154	0.2416236372321885	0.0227559	0.00031
0.0973	0.3737	-0.2829	-0.009906488834319814	0.0011623892818282235	-0.0035482543693044722	1.26672959	68.50605774	1.09477876	0.4261675882561205	0.0157272	0.00016
0.0998	0.2959	-0.3615	-0.011051424823628093	0.0010838494654884787	-0.0029059732045705585	1.07635951	58.21064377	0.98676551	0.25218784851909687	0.0151893	0.0004
0.0785	0.4233	-0.3674	-0.011287044272647331	0.000710349005561692	-0.003349286834577118	0.98184955	53.09944916	0.91434157	0.2072216769476292	0.0155811	8e-05
0.0666	0.4431	-0.2783	-0.01107411410390402	0.0007068583470577034	-0.0035831609543443585	0.93247521	50.42923355	0.8989347	0.143314747350727	0.0153059	0.0001
0.0656	0.3984	-0.3104	-0.010524335389525807	0.0006178465552059926	-0.0033999013828849537	0.88160068	47.67788315	0.86543777	0.11890250388446648	0.0137719	6e-05
0.0855	0.4929	-0.373	-0.011519173063162576	0.0006719517620178169	-0.0036983526849759846	0.90278536	48.82357407	0.88848945	0.24436970912698125	0.0170491	0.00019
0.0903	0.5578	-0.1225	-0.008395033702092724	0.002176425577236929	-0.003771656513559746	1.52783823	82.62708282	1.22173256	0.5552958502436363	0.0245937	0.00476
0.0481	0.3782	0.0161	-0.0076009088924353044	0.001616174887346749	-0.003778637830567723	1.69878006	91.87179565	1.32913046	0.4284678408277788	0.0284713	0.00469
0.0437	-0.1937	-0.0081	-0.00874409955249159	0.0008691739674931761	-0.0031363566658338103	2.41338301	130.51826477	1.77045167	0.7271236372321885	0.0402137	0.00429
0.039	0.0816	-0.0453	-0.008892452538911109	0.0008063421144213803	-0.003139847324337799	1.30645299	70.65434265	1.0847155	0.32793377489976505	0.022823	0.00025
0.0376	0.2324	-0.0765	-0.009299114254625788	0.0008011061266653974	-0.003239331091701475	0.9874475	53.40219116	0.91453222	0.20896907354171687	0.0173183	7e-05
0.0281	0.3649	-0.0795	-0.011018263567840202	9.948376736367679e-05	-0.003312634920285238	0.9668082	52.28599548	0.90794508	0.2697037750549949	0.0189592	0.00022
-0.0045	0.552	0.0031	-0.010461503536454012	0.0028675759610266834	-0.004878195259324152	1.34744608	72.87129211	1.13691609	0.5468206282044056	0.0289413	0.0019
-0.0022	0.3815	-0.0622	-0.010554005986809712	0.002921681167838507	-0.004611159883769018	1.20797038	65.32830048	1.06127821	0.2587821516361329	0.0197158	0.00016
-0.0039	0.3819	-0.0918	-0.010782644118820968	0.0016126842288427606	-0.0041556289489984985	0.83714211	45.27351761	0.86061469	0.13135830028887613	0.0190548	0.00017
-0.0044	0.4537	-0.1046	-0.011695451317614004	0.0011798425743481666	-0.00401076662108297	0.89976698	48.66033554	0.88849301	0.15962555906015788	0.021839	0.00056
-0.0004	0.4496	-0.0878	-0.01261000384565903	0.0009442231253289323	-0.0038100537571036214	0.86523426	46.79277039	0.8612524	0.09244424205218045	0.0242473	0.00047
-0.0011	0.4207	-0.1037	-0.013018410890625703	0.0007731808586334879	-0.003707079331235956	0.80732781	43.661129	0.8379948	0.07962118687648909	0.0248815	0.00049
-0.0099	0.4061	-0.1039	-0.013191198486573142	0.0006003932626860494	-0.003900810878207326	0.77509326	41.91785049	0.82315683	0.05056533694331242	0.0244039	0.00053
-0.0129	0.3884	-0.1162	-0.013201670462085108	0.0006422811647339132	-0.004017747938090946	0.76439607	41.3393364	0.82552862	0.041464846872172494	0.0240847	0.0005
0.0155	0.4221	-0.0907	-0.01227140997077213	0.002057743188101315	-0.003710569989739945	0.85302496	46.13248062	0.87309103	0.22024502315156905	0.019954	0.00017
-0.0016	0.3353	-0.1123	-0.013409364643072432	0.000900589894029074	-0.0037943457938356727	0.88502014	47.86281204	0.88196859	0.2444441885234135	0.0229875	0.00041
0.0113	0.4111	-0.1523	-0.01432740782962145	0.0008761552845011534	-0.0034051373706409367	0.83925551	45.38781357	0.85239814	0.19528431096358376	0.0224462	0.00034
0.0122	0.4589	-0.1585	-0.014678219009272311	0.0006335545184739417	-0.003110176727053895	0.80518699	43.54535294	0.83480777	0.09931862946325569	0.0233995	0.00043
0.0078	0.5126	-0.1589	-0.015413002624361924	0.0004625122517784973	-0.003113667385557884	0.78903168	42.67165756	0.8260815	0.10396582701445224	0.0249841	0.00053
0.0126	0.5309	-0.1886	-0.01563291411011321	0.0005689773361501514	-0.003008947630438224	0.78170085	42.27519608	0.821217	0.07435481626213018	0.0254325	0.00043
0.0179	0.5585	-0.1941	-0.01592787475370025	0.0005218534463463045	-0.003077015471266003	0.80481267	43.52510834	0.83434317	0.058907618710933175	0.0260563	0.00058
0.0081	0.5863	0.0307	-0.014650293741240402	0.0004956735075663896	-0.004080579791162742	1.22378755	66.18370819	1.0709758	0.37776626355682513	0.0316642	0.00178
0.006	0.3192	-0.086	-0.014245377354777718	0.0002443460952792061	-0.0036983526849759846	1.30271208	70.45202637	1.09493756	0.43782354524683126	0.0250326	0.00082
0.0336	0.3601	-0.11	-0.016678366332057812	0.0007609635538695277	-0.003073524812762014	1.09948158	59.46111298	0.97845317	0.2712217154042193	0.0283857	0.00211
0.1979	0.3832	-0.2043	-0.009965830028887622	0.0054873151682701725	-0.000879645943005142	2.07838225	112.4010849	1.51954167	0.9633383393663855	0.0167487	0.00093
0.2325	0.5331	-0.3466	-0.007880161572754398	0.00641408500107916	5.93411945678072e-05	1.70958614	92.45619965	1.33900876	0.5243712713257581	0.0213299	0.00103
0.1806	0.329	0.1849	-0.00641408500107916	0.004274311338134113	-0.0007941248096574199	2.58329535	139.70730591	2.01424061	1.0104658119422758	0.0355682	0.00955
0.2038	0.078	-0.0209	-0.0071959925059726215	0.003623303527140228	0.00028623399732707005	1.66233635	89.90088654	1.37735748	0.6056637061435918	0.0234907	0.00078
0.2253	0.2664	-0.0628	-0.007291985614832309	0.0034033920413889425	0.001329940890019679	1.1844933	64.0586319	1.00808343	0.31978057436517915	0.0159344	0.00027
0.1982	0.2429	-0.0707	-0.007993607974134028	0.0037053340019839614	0.0003874630939427412	0.9627623	52.06718826	0.90729005	0.15580210579868384	0.0155952	0.00041
0.186	0.3955	-0.1426	-0.013126621304249353	0.004277801996638102	-0.0007539822368615504	1.43246555	77.46923065	1.1743876	0.5790463327786879	0.0187212	0.00101
0.198	0.4187	-0.0868	-0.010164797563614976	0.004584979944989103	-0.0002478367537831948	1.06394815	57.53942871	0.96804312	0.2797573586031867	0.0145615	0.0008
0.2072	0.3288	-0.1399	-0.0097878064451842	0.004614650542273007	-8.726646259971648e-05	0.89496219	48.40048981	0.87330188	0.18056160034490792	0.0120389	0.00043
0.2106	0.3476	-0.1508	-0.010028661881959416	0.0047577675409365425	-0.0001256637061435917	0.81995529	44.3440361	0.83224901	0.0542184839491314	0.0116042	0.00035
0.2037	0.3849	-0.1277	-0.010285225282002585	0.004338888520457902	-9.773843811168246e-05	0.83326495	45.06383896	0.84713315	0.10246838442768588	0.0128429	0.00052
0.1973	0.3167	-0.1508	-0.010583676584093616	0.003946189438759179	-0.00018675022996339323	0.87709111	47.43400192	0.86349729	0.13670810878207326	0.0133841	0.00076
0.1908	0.3283	-0.1441	-0.010456267548698026	0.003640756819660172	-5.585053606381854e-05	0.85523891	46.25221252	0.85853162	0.052987067419708565	0.0134752	0.00061
0.1684	0.3603	-0.1006	-0.012705996954518718	0.0033300882128051803	-0.00028797932657906436	0.97489512	52.72334671	0.931148	0.2375263401595465	0.0166099	0.00037
0.1328	0.6159	0.0729	-0.013220869083857046	0.0031031954100459182	-0.0017191493132144146	1.61065996	87.10617065	1.30783115	0.573346745936647	0.035588	0.00743
0.1314	0.1181	0.0117	-0.014091788380602217	0.0033021629447732717	-0.0018238690683340744	2.05444956	111.10677338	1.56292908	0.6191303293296093	0.0280342	0.0027
0.1332	0.15	-0.0685	-0.015531685013497538	0.003134611336581816	-0.0013107422682477415	1.0281024	55.60084915	0.94645979	0.21992875205865553	0.0264701	0.00193
0.1282	0.2886	-0.0976	-0.015116296651522889	0.0027995081201989047	-0.0013910274138394805	0.96703148	52.29807281	0.90470693	0.214238836197465	0.0207626	0.00043
0.1296	0.3979	-0.1278	-0.015062191444711064	0.0026005405854715507	-0.001186823891356144	0.91204751	49.32448196	0.87401371	0.1637638132011257	0.0190209	0.00025
0.1063	0.5268	-0.0006	-0.014971434323607358	0.0020594885173533086	-0.0019250981649497454	1.11929536	60.53265762	0.98304427	0.3479041731407775	0.0258959	0.00116
0.0794	0.5133	-0.0023	-0.012863076587198208	0.0010157816246606998	-0.002780309498426967	1.11731219	60.42541122	1.01940583	0.24246379812894917	0.0235776	0.00061
0.0504	0.5823	0.0719	-0.013583897568271866	0.003387684078120994	-0.004209734155810323	1.22929037	66.48130798	1.0831452	0.3983074045958655	0.0310069	0.00311
0.0444	0.4372	0.0239	-0.014158110892178001	0.0033231068957972035	-0.004108505059194652	1.13741577	61.51263428	1.00874903	0.23610098014227987	0.0252409	0.00106
0.0507	0.3471	-0.0603	-0.013555972300239956	0.004230678106834255	-0.0034836771869806815	1.03588307	56.02163696	0.96630959	0.28732688375945326	0.0233411	0.00051
0.0457	0.4422	-0.0746	-0.013798573066267167	0.0038362336958835358	-0.003501130479500625	0.9425832	50.97588348	0.90010029	0.14712492347489364	0.0223442	0.00043
0.0524	0.4456	-0.0685	-0.014505431413324872	0.003110176727053895	-0.003160791275361731	0.83761346	45.29901123	0.84542598	0.104862726001312	0.023262	0.00048
0.0498	0.4599	-0.0676	-0.014831807983447812	0.0029408797896104456	-0.0031503192998497648	0.79875201	43.19734192	0.82906711	0.04310727415391777	0.023946	0.00054
0.0329	0.6033	0.0414	-0.01533097214951819	0.0036459928074161546	-0.003991567999311032	1.12795258	61.00085449	1.01735357	0.37157629416686766	0.0330274	0.00222
0.0295	0.2941	-0.0415	-0.014090043051350223	0.0024591689160600103	-0.003412118687648914	1.42353332	76.98616791	1.17359536	0.5458601150593113	0.0265824	0.00097
0.0471	0.3192	-0.0177	-0.013906783479890817	0.002061233846605303	-0.002904227875318564	0.94083691	50.88144302	0.90527926	0.12095427266222317	0.0250358	0.00087
0.0952	0.4032	-0.0448	-0.014217452086745807	0.0019024088846738192	-0.0017715091907742446	1.00425291	54.3110466	0.94782741	0.2393106126665397	0.0219795	0.00051
0.098	0.4697	-0.0611	-0.015109315334514912	0.0020664698343612863	-0.0017453292519943296	0.8459146	45.74794388	0.8593333	0.13970520681182438	0.0224965	0.00047
0.0933	0.4946	-0.022	-0.01475850415486405	0.002368411794956305	-0.001980948701013564	0.88079941	47.634552	0.87229957	0.11311862946325572	0.0240228	0.00078
0.0812	0.7477	0.0688	-0.015969762655748117	0.0031293753488258326	-0.002562143341927676	1.4154917	76.55126953	1.18893622	0.48367083478338535	0.0429752	0.00655
0.0806	0.1748	0.0035	-0.014102260356114183	0.0027384215963791032	-0.0023596851486963333	2.12185216	114.75198364	1.57459373	0.7618457122656002	0.0257348	0.0013
0.0756	0.0401	0.011	-0.013311626204960753	0.0024975661596038853	-0.0024486969405480446	1.05240345	56.91507339	0.97544626	0.203225068989018	0.0305049	0.002
0.0652	0.2112	0.0107	-0.01395216204044267	0.0020420352248333657	-0.002581341963699613	1.02179098	55.25952148	0.93367448	0.24323558967020023	0.0259198	0.00111
0.0682	0.3681	-0.0214	-0.015022048871915192	0.0017941984710501708	-0.002356194490192345	0.99386674	53.7493515	0.92129258	0.2691435529381492	0.0244862	0.00079
0.0782	0.4795	-0.0411	-0.015910421461180307	0.001891936909161853	-0.002005383310541485	0.87781292	47.47303772	0.87018255	0.2079461103513828	0.0247211	0.00077
0.0863	0.5601	-0.0394	-0.016144295580947546	0.002007128639793479	-0.0017976891295541592	0.83181632	44.98549271	0.85257303	0.11823800156930962	0.0259288	0.00084
0.0809	0.5814	-0.058	-0.01582315499858059	0.0017749998492782332	-0.001973967384005587	0.82550067	44.64393616	0.85109442	0.08177738136668156	0.0262685	0.0009
0.0797	0.5828	-0.0701	-0.01680228470894941	0.001553343034274953	-0.0017435839227423352	0.80998492	43.80482864	0.84367004	0.08625849933176763	0.0286373	0.00125
0.0795	0.544	-0.0623	-0.016917476439581036	0.0012932889757277981	-0.0016004669240788003	0.79655308	43.07842255	0.8297917	0.07271813939211567	0.0289358	0.00128
0.0806	0.5073	-0.067	-0.017475981800219222	0.0012374384396639797	-0.0014660765716752368	0.7975145	43.13041687	0.82914478	0.07993731245527849	0.0293875	0.00134
0.0736	0.4493	-0.0653	-0.017598154847858823	0.0010175269539126942	-0.0014590952546672592	0.78412491	42.40629196	0.82664347	0.08415329251994319	0.0295161	0.00152
0.0772	0.3855	0.0721	-0.015453145197157793	0.0006859143960337716	-0.0022951079663725434	1.14298844	61.81400681	1.01495076	0.37043174601426176	0.0323337	0.00224
0.0601	0.2666	0.2596	-0.014144148258162046	0.001710422666954443	-0.0027611108766550296	1.34579825	72.78217316	1.16945116	0.4634754060099453	0.0412269	0.00667
0.0532	0.2084	0.1406	-0.011419689295798898	0.002649409804527392	-0.003295181627765294	1.25758326	68.01141357	1.11211036	0.3939758425523181	0.0315393	0.0018
0.1237	0.1712	0.0161	-0.012438961578963586	0.0031415926535897933	-0.001298524963483781	1.18835306	64.26737213	1.04920259	0.40760558982543016	0.02457	0.00141
0.1277	0.4063	-0.0467	-0.014524630035096811	0.003495894491744642	-0.0011676252695842063	1.18031585	63.83271027	1.03755998	0.4304434994093825	0.0197923	0.00046
0.1257	0.4683	-0.1197	-0.015337953466526168	0.003426081321664869	-0.0012304571226560022	0.82625991	44.68499756	0.84495762	0.18429842272904629	0.0194572	0.00029
0.1209	0.5477	-0.1631	-0.01598023463126008	0.0032934362985133003	-0.0011414453308042916	0.84797394	45.85931396	0.84961686	0.17079689898685943	0.0215221	0.00033
0.0971	0.623	-0.1497	-0.017704619932230478	0.0023527038316883565	-0.0014660765716752368	0.88840228	48.04572296	0.88626993	0.26198745043331445	0.0279294	0.00116
0.104	0.6505	-0.0247	-0.01664869573477391	0.002897246558310587	-0.0021135937241651332	0.93596488	50.61795807	0.90866746	0.2717992038284347	0.0294244	0.00149
0.1315	0.5471	-0.0574	-0.01773778118801837	0.00322885911618951	-0.0012740903539558604	0.85882336	46.446064	0.86923306	0.2766100690666327	0.02797	0.00124
0.1249	0.3509	-0.0156	-0.016767378123909524	0.0004956735075663896	-0.000947713783832921	1.324296	71.61930847	1.12414195	0.4460982621427453	0.0315097	0.00401
0.1021	0.2005	0.1175	-0.016194910129255384	0.0015341444125030156	-0.000757472895365539	1.4107511	76.29489136	1.18407208	0.39635898940290737	0.0377294	0.00752
-0.0036	0.3141	0.1133	-0.020373228358529807	-0.00017802358370342162	-0.002617993877991494	1.24575591	67.3717804	1.09562438	0.6110503604053407	0.0475855	0.01244
-0.0054	0.2855	0.0272	-0.020165534177542483	-0.0014346606451393388	-0.0023527038316883565	0.9314366	50.37306213	0.92295465	0.20298106443631891	0.0438398	0.00965
0.0335	0.3573	-0.108	-0.01952325301280857	-0.00040317105721069014	-0.002040289895581371	1.09066296	58.98419189	1.0083694	0.34520923443847734	0.0359189	0.00421
0.0792	0.5281	-0.248	-0.01975363647407182	4.18879020478639e-05	-0.001329940890019679	1.18378043	64.02008057	1.05481424	0.4257895713041749	0.0346012	0.00279
0.0574	0.7214	-0.2656	-0.02031737782246599	-0.00040840704496667313	-0.0017558012275062952	1.00428486	54.31277084	0.96006816	0.3046948316447661	0.0416864	0.00837
0.0613	0.6762	-0.2913	-0.020031143825138917	-0.00015707963267948963	-0.0017976891295541592	0.81755626	44.21429443	0.85935586	0.10377246558310597	0.0395716	0.00628
0.0904	0.6499	-0.2138	-0.018976964956934343	0.00017278759594743863	-0.0014259339988793671	0.91698861	49.59170151	0.90863963	0.22069006137531463	0.0372216	0.0049
0.0473	0.4476	-0.0786	-0.018133970928221083	-0.0012356931104119853	-0.0019495327744776662	1.34034514	72.48726654	1.15998374	0.5193536755335493	0.0347256	0.00314
0.0408	0.4595	-0.1615	-0.018401006303776217	-0.0027052603405912107	-0.0020210912738094335	0.90398985	48.88871384	0.9047616	0.1917080552533064	0.0366617	0.00434
0.0176	0.6317	-0.1175	-0.018631389765039467	0.00045553093477052	-0.0030630528372500485	1.29753184	70.171875	1.13755817	0.46105681500327994	0.0397609	0.00488
0.0077	0.3397	-0.0621	-0.018795450714726936	0.0006475171524898963	-0.0026511551337793865	1.49153066	80.66353607	1.22362125	0.39569724354387537	0.0358627	0.00334
0.0744	0.2376	-0.1033	-0.017006488231432748	0.0009442231253289323	-0.0011693705988362008	1.18952763	64.33089447	1.05976515	0.3883726495538205	0.0315265	0.00253
0.091	0.5013	-0.0412	-0.015454890526409786	0.004344124508213886	-0.0012007865253720988	1.76049554	95.20943451	1.42256513	0.5915457507221905	0.0311836	0.00347
0.1182	0.4279	-0.0214	-0.017472491141715233	0.0018133970928221085	0.0003089232776029963	1.61916924	87.56636047	1.33779578	0.423301891683616	0.0323906	0.00279
0.1214	0.1931	-0.0327	-0.016549211967410233	0.0015603243512829306	0.00045902159327450867	1.39822924	75.61769867	1.17586351	0.31562251157578447	0.0311797	0.00245
0.1086	0.4354	-0.0772	-0.017477727129471217	0.0013892820845874865	0.0001291543646475804	1.19011259	64.36253357	1.01532758	0.37107123286916777	0.0283124	0.00131
0.1039	0.6493	-0.1435	-0.015058700786207075	0.001673770752662562	-5.235987755982989e-05	1.37976265	74.6190033	1.06832524	0.42915146267733134	0.0295924	0.0026
0.103	0.5675	-0.1624	-0.017207201095412093	0.0012199851471440364	-0.0001361356816555577	1.08516431	58.68681717	0.95624736	0.2359030859409636	0.0289523	0.00109
0.1003	0.6132	-0.1748	-0.01714087858383631	0.0010838494654884787	-0.0001291543646475804	0.81061256	43.83877182	0.83765916	0.07127197551196585	0.0305174	0.00121
0.0753	0.6029	-0.1639	-0.017243853009703977	0.00035081117965086024	-0.0007627088831215222	0.85800731	46.40193176	0.87467104	0.1196783615089613	0.0319822	0.00189
